CREATE TABLE Employees (
    EmployeeID INT PRIMARY KEY,
    FirstName NVARCHAR(50),
    LastName NVARCHAR(50),
    Department NVARCHAR(50),
    Salary DECIMAL(10,2)
);




CREATE TABLE DepartmentBonus (
    Department NVARCHAR(50) PRIMARY KEY,
    BonusPercentage DECIMAL(5,2)
);

INSERT INTO Employees VALUES
(1, 'John', 'Doe', 'Sales', 5000),
(2, 'Jane', 'Smith', 'Sales', 5200),
(3, 'Mike', 'Brown', 'IT', 6000),
(4, 'Anna', 'Taylor', 'HR', 4500);

INSERT INTO DepartmentBonus VALUES
('Sales', 10),
('IT', 15),
('HR', 8);

CREATE PROCEDURE GetEmployeeBonuses
AS
BEGIN
    
    CREATE TABLE #EmployeeBonus (
        EmployeeID INT,
        FullName NVARCHAR(101),
        Department NVARCHAR(50),
        Salary DECIMAL(10,2),
        BonusAmount DECIMAL(10,2)
    );

    
    INSERT INTO #EmployeeBonus (EmployeeID, FullName, Department, Salary, BonusAmount)
    SELECT 
        e.EmployeeID,
        e.FirstName + ' ' + e.LastName AS FullName,
        e.Department,
        e.Salary,
        e.Salary * db.BonusPercentage / 100 AS BonusAmount
    FROM Employees e
    INNER JOIN DepartmentBonus db ON e.Department = db.Department;

    
    SELECT * FROM #EmployeeBonus;
END;

EXEC GetEmployeeBonuses;

SELECT 
    t.id,
    CASE 
        WHEN t.p_id IS NULL THEN 'Root'
        WHEN t.id IN (SELECT DISTINCT p_id FROM Tree WHERE p_id IS NOT NULL) THEN 'Inner'
        ELSE 'Leaf'
    END AS type
FROM Tree t
ORDER BY t.id;


SELECT 
    s.user_id,
    ROUND(
        IFNULL(SUM(c.action = 'confirmed') / COUNT(c.action), 0), 
        2
    ) AS confirmation_rate
FROM Signups s
LEFT JOIN Confirmations c
    ON s.user_id = c.user_id
GROUP BY s.user_id
ORDER BY s.user_id;


SELECT *
FROM employees
WHERE salary = (
    SELECT MIN(salary)
    FROM employees
);


-- Products Table
CREATE TABLE Products (
    ProductID INT PRIMARY KEY,
    ProductName NVARCHAR(100),
    Category NVARCHAR(50),
    Price DECIMAL(10,2)
);

-- Sales Table
CREATE TABLE Sales (
    SaleID INT PRIMARY KEY,
    ProductID INT FOREIGN KEY REFERENCES Products(ProductID),
    Quantity INT,
    SaleDate DATE
);

INSERT INTO Products (ProductID, ProductName, Category, Price) VALUES
(1, 'Laptop Model A', 'Electronics', 1200),
(2, 'Laptop Model B', 'Electronics', 1500),
(3, 'Tablet Model X', 'Electronics', 600),
(4, 'Tablet Model Y', 'Electronics', 700),
(5, 'Smartphone Alpha', 'Electronics', 800),
(6, 'Smartphone Beta', 'Electronics', 850),
(7, 'Smartwatch Series 1', 'Wearables', 300),
(8, 'Smartwatch Series 2', 'Wearables', 350),
(9, 'Headphones Basic', 'Accessories', 150),
(10, 'Headphones Pro', 'Accessories', 250),
(11, 'Wireless Mouse', 'Accessories', 50),
(12, 'Wireless Keyboard', 'Accessories', 80),
(13, 'Desktop PC Standard', 'Computers', 1000),
(14, 'Desktop PC Gaming', 'Computers', 2000),
(15, 'Monitor 24 inch', 'Displays', 200),
(16, 'Monitor 27 inch', 'Displays', 300),
(17, 'Printer Basic', 'Office', 120),
(18, 'Printer Pro', 'Office', 400),
(19, 'Router Basic', 'Networking', 70),
(20, 'Router Pro', 'Networking', 150);

INSERT INTO Sales (SaleID, ProductID, Quantity, SaleDate) VALUES
(1, 1, 2, '2024-01-15'),
(2, 1, 1, '2024-02-10'),
(3, 1, 3, '2024-03-08'),
(4, 2, 1, '2024-01-22'),
(5, 3, 5, '2024-01-20'),
(6, 5, 2, '2024-02-18'),
(7, 5, 1, '2024-03-25'),
(8, 6, 4, '2024-04-02'),
(9, 7, 2, '2024-01-30'),
(10, 7, 1, '2024-02-25'),
(11, 7, 1, '2024-03-15'),
(12, 9, 8, '2024-01-18'),
(13, 9, 5, '2024-02-20'),
(14, 10, 3, '2024-03-22'),
(15, 11, 2, '2024-02-14'),
(16, 13, 1, '2024-03-10'),
(17, 14, 2, '2024-03-22'),
(18, 15, 5, '2024-02-01'),
(19, 15, 3, '2024-03-11'),
(20, 19, 4, '2024-04-01');

CREATE PROCEDURE GetProductSalesSummary
    @ProductID INT
AS
BEGIN
    SELECT 
        p.ProductName,
        SUM(s.Quantity) AS TotalQuantitySold,
        SUM(s.Quantity * p.Price) AS TotalSalesAmount,
        MIN(s.SaleDate) AS FirstSaleDate,
        MAX(s.SaleDate) AS LastSaleDate
    FROM Products p
    LEFT JOIN Sales s ON p.ProductID = s.ProductID
    WHERE p.ProductID = @ProductID
    GROUP BY p.ProductName;
END;

EXEC GetProductSalesSummary @ProductID = 1;



